k,Utilitarian,Egalitarian,Nash,P(0.2) Mean
n/a,2.454620425961409,0.6791334894613583,2.2834343543814226,2.3195740792755
1,1.369117993117993,0.0,0.6148845358566907,1.1226693070948564
2,3.5605075665075665,0.7833333333333333,3.3638667440398264,3.4067059347682225
3,3.4617897534564213,0.6888888888888888,3.253878839580363,3.2999096427310666
4,3.476367354867357,0.7833333333333333,3.2824437208774357,3.324341323739125
20,1.2445879305879304,0.45,1.1403250502522015,1.1609465684794826
