k,Utilitarian,Egalitarian,Nash,P(0.2) Mean
n/a,2.852630554630555,0.5,2.677157431483327,2.717187178347218
1,1.369117993117993,0.0,0.6148845358566907,1.1226693070948564
2,3.5605075665075665,0.7833333333333333,3.3638667440398264,3.4067059347682225
3,3.43263455063455,0.5,3.1967490769862175,3.251046280714951
4,3.5605075665075665,0.7833333333333333,3.3638667440398264,3.4067059347682225
20,1.2445879305879304,0.45,1.1403250502522015,1.1609465684794826
