k,Utilitarian,Egalitarian,Nash,P(0.2) Mean
n/a,3.537586117586116,0.8333333333333333,3.315298430870778,3.3642731371814323
1,1.369117993117993,0.0,0.6148845358566907,1.1226693070948564
2,3.5605075665075665,0.7833333333333333,3.3638667440398264,3.4067059347682225
3,3.5605075665075665,0.7833333333333333,3.3638667440398264,3.4067059347682225
4,3.5605075665075665,0.7833333333333333,3.3638667440398264,3.4067059347682225
20,1.2445879305879304,0.45,1.1403250502522015,1.1609465684794826
