k,Utilitarian,Egalitarian,Nash,P(0.2) Mean
n/a,3.549046842046842,0.8083333333333333,3.3395825874553022,3.3854895359748274
1,1.2485808820808821,0.0,0.44134820307006106,0.9725633666422683
2,3.5605075665075665,0.7833333333333333,3.3638667440398264,3.4067059347682225
3,3.5605075665075665,0.7833333333333333,3.3638667440398264,3.4067059347682225
4,3.5605075665075665,0.7833333333333333,3.3638667440398264,3.4067059347682225
20,1.2445879305879304,0.45,1.1403250502522015,1.1609465684794826
