,Utilitarian,Egalitarian,Nash,P(0.2) Mean
ATR |.|,9.13679245283019,0.0,6.7918585402857445,8.004485680005784
ATR c,8.5,0.0,2.559308024900493,6.773549981924807
ATR 1,7.5825471698113205,1.0,6.499874002675636,6.764406548159138
PBCC,8.462264150943396,1.0,7.26967055251913,7.564637692666718
