k,Utilitarian,Egalitarian,Nash,AVG Prop
1/1,9.0,0,0.0,3.1183199999999998
1/2,9.0,0,0.0,3.1183199999999998
1/3,9.0,0,0.0,3.1183199999999998
1/4,9.0,0,0.0,3.1183199999999998
1/5,9.0,0,0.0,3.1183199999999998
1/6,9.0,0,0.0,3.1183199999999998
1/7,9.0,0,0.0,3.1183199999999998
1/8,9.0,0,0.0,3.1183199999999998
1/9,9.0,0,0.0,3.1183199999999998
1/10,9.0,0,0.0,3.1183199999999998
