k,Utilitarian,Egalitarian,Nash,AVG Prop
1/1,8.0,0,0.0,2.85846
1/2,8.0,0,0.0,2.85846
1/3,8.0,0,0.0,2.85846
1/4,8.0,0,0.0,2.85846
1/5,9.0,0,0.0,3.1183199999999998
1/6,9.0,0,0.0,3.1183199999999998
1/7,9.0,0,0.0,3.1183199999999998
1/8,9.0,0,0.0,3.1183199999999998
1/9,9.0,0,0.0,3.1183199999999998
1/10,9.0,0,0.0,3.1183199999999998
