,Utilitarian,Egalitarian,Nash,P(0.2) Mean
ATR |.|,3.537586117586116,0.8333333333333333,3.315298430870778,3.3642731371814323
ATR c,2.852630554630555,0.5,2.677157431483327,2.717187178347218
ATR 1,2.454620425961409,0.6791334894613583,2.2834343543814226,2.3195740792755
PBCC,3.549046842046842,0.8083333333333333,3.3395825874553022,3.3854895359748274
