k,Utilitarian,Egalitarian,Nash,AVG Prop
1/1,145.0,0,0.0,2.0285872364672364
1/2,145.0,0,0.0,2.0285872364672364
1/3,145.0,0,0.0,2.0285872364672364
1/4,145.0,0,0.0,2.0285872364672364
1/5,145.0,0,0.0,2.0285872364672364
1/6,145.0,0,0.0,2.0285872364672364
1/7,145.0,0,0.0,2.0285872364672364
1/8,145.0,0,0.0,2.0285872364672364
1/9,145.0,0,0.0,2.0285872364672364
1/10,145.0,0,0.0,2.0285872364672364
